{
  "train_domain_weights": {
    "ArXiv": 0.022882657125592232,
    "BookCorpus2": 0.0004777698195539415,
    "Books3": 0.022148458287119865,
    "DM Mathematics": 0.001548841712065041,
    "Enron Emails": 0.00426384387537837,
    "EuroParl": 0.027633780613541603,
    "FreeLaw": 0.05061538517475128,
    "Github": 0.13922813534736633,
    "Gutenberg (PG-19)": 0.007678107358515263,
    "HackerNews": 0.002154504181817174,
    "NIH ExPorter": 0.007408702280372381,
    "OpenSubtitles": 0.00033972281380556524,
    "OpenWebText2": 0.2117951661348343,
    "PhilPapers": 0.007398633752018213,
    "Pile-CC": 0.035706423223018646,
    "PubMed Abstracts": 0.12842078506946564,
    "PubMed Central": 0.05329902097582817,
    "StackExchange": 0.07823074609041214,
    "USPTO Backgrounds": 0.031084980815649033,
    "Ubuntu IRC": 0.003314797766506672,
    "Wikipedia (en)": 0.15801505744457245,
    "YoutubeSubtitles": 0.006354341749101877
  },
  "eval_domain_weights": {
    "ArXiv": 0.022882657125592232,
    "BookCorpus2": 0.0004777698195539415,
    "Books3": 0.022148458287119865,
    "DM Mathematics": 0.001548841712065041,
    "Enron Emails": 0.00426384387537837,
    "EuroParl": 0.027633780613541603,
    "FreeLaw": 0.05061538517475128,
    "Github": 0.13922813534736633,
    "Gutenberg (PG-19)": 0.007678107358515263,
    "HackerNews": 0.002154504181817174,
    "NIH ExPorter": 0.007408702280372381,
    "OpenSubtitles": 0.00033972281380556524,
    "OpenWebText2": 0.2117951661348343,
    "PhilPapers": 0.007398633752018213,
    "Pile-CC": 0.035706423223018646,
    "PubMed Abstracts": 0.12842078506946564,
    "PubMed Central": 0.05329902097582817,
    "StackExchange": 0.07823074609041214,
    "USPTO Backgrounds": 0.031084980815649033,
    "Ubuntu IRC": 0.003314797766506672,
    "Wikipedia (en)": 0.15801505744457245,
    "YoutubeSubtitles": 0.006354341749101877
  }
}